"Country or Area","Year","Value"
"Australia","2014","10787.3501376183"
"Australia","2013","10034.1276237187"
"Australia","2012","9353.06641223694"
"Australia","2011","8837.85058079271"
"Australia","2010","8166.06724391971"
"Australia","2009","7468.94410564859"
"Australia","2008","6832.22674546237"
"Australia","2007","6143.73477685129"
"Australia","2006","5456.5206707597"
"Australia","2005","5002.48272189515"
"Australia","2004","4266.92125360524"
"Australia","2003","3578.35150974547"
"Australia","2002","2926.73045682085"
"Australia","2001","2305.92896404507"
"Australia","2000","1613.2007121981"
"Australia","1999","1374.29310959569"
"Australia","1998","998.289579795631"
"Australia","1997","705.228318135053"
"Australia","1996","414.17063782292"
"Australia","1995","1004.03211082861"
"Australia","1994","1027.34354927313"
"Australia","1993","1829.872"
"Australia","1992","1333.184"
"Australia","1991","1424.68352"
"Australia","1990","1424.68352"
"Austria","2014","1642.80076513062"
"Austria","2013","1602.59643684061"
"Austria","2012","1612.4661425449"
"Austria","2011","1535.80074738863"
"Austria","2010","1483.19074249073"
"Austria","2009","1308.20218572207"
"Austria","2008","1248.53225138254"
"Austria","2007","1195.8903761885"
"Austria","2006","1152.466320532"
"Austria","2005","1145.80966192964"
"Austria","2004","1158.34359221291"
"Austria","2003","1072.19181375814"
"Austria","2002","968.776915917423"
"Austria","2001","863.101238986877"
"Austria","2000","713.626554045867"
"Austria","1999","701.821024024025"
"Austria","1998","610.339231556323"
"Austria","1997","500.828386694405"
"Austria","1996","420.786112924158"
"Austria","1995","357.931519787086"
"Austria","1994","261.105590625578"
"Austria","1993","235.26478656483"
"Austria","1992","5.63648639172312"
"Austria","1991","3.88944"
"Austria","1990","2.43756"
"Belgium","2014","2811.79733017371"
"Belgium","2013","2703.01240606807"
"Belgium","2012","2733.36088134647"
"Belgium","2011","2614.05044241905"
"Belgium","2010","2508.71471399671"
"Belgium","2009","2391.45687121243"
"Belgium","2008","2206.76147265269"
"Belgium","2007","2079.10324412977"
"Belgium","2006","1876.64217584791"
"Belgium","2005","1745.35050510923"
"Belgium","2004","1693.40032492042"
"Belgium","2003","1608.86827845198"
"Belgium","2002","1438.41916621289"
"Belgium","2001","1211.52843588766"
"Belgium","2000","1127.79920477565"
"Belgium","1999","935.582415403112"
"Belgium","1998","881.223470503045"
"Belgium","1997","726.994087301747"
"Belgium","1996","602.197276576914"
"Belgium","1995","501.991333560121"
"Belgium","1994","495.789565242139"
"Belgium","1993","484.299975812368"
"Belgium","1992","484.299975812368"
"Bulgaria","2014","1423.81285948304"
"Bulgaria","2013","1277.85761926218"
"Bulgaria","2012","1109.35923014509"
"Bulgaria","2011","1038.93300468063"
"Bulgaria","2010","927.068108171378"
"Bulgaria","2009","897.324880013531"
"Bulgaria","2008","841.835316770012"
"Bulgaria","2007","545.197085531365"
"Bulgaria","2006","447.162429026166"
"Bulgaria","2005","298.763523386316"
"Bulgaria","2004","180.343809534901"
"Bulgaria","2003","126.503550018592"
"Bulgaria","2002","96.60038738008"
"Bulgaria","2001","75.173696005058"
"Bulgaria","2000","57.3333083815516"
"Bulgaria","1999","40.9869783633625"
"Bulgaria","1998","28.7207624704373"
"Bulgaria","1997","18.3595783062778"
"Bulgaria","1996","11.5548883843048"
"Bulgaria","1995","6.58680842977408"
"Bulgaria","1994","2.15623391311342"
"Bulgaria","1993","0.02303703221005"
"Bulgaria","1992","0.010681702317"
"Bulgaria","1991","0.003135561"
"Canada","2014","9024.46042768536"
"Canada","2013","8564.62124615997"
"Canada","2012","8277.68017933566"
"Canada","2011","7991.64027238382"
"Canada","2010","7477.16505279579"
"Canada","2009","6698.9587209381"
"Canada","2008","6123.51593465702"
"Canada","2007","6222.86895974681"
"Canada","2006","5828.26843309005"
"Canada","2005","5677.87853198177"
"Canada","2004","5215.22602334514"
"Canada","2003","4615.42427946863"
"Canada","2002","4270.18947175995"
"Canada","2001","3787.72934805573"
"Canada","2000","3400.32843106704"
"Canada","1999","2805.99692329725"
"Canada","1998","2172.32499194863"
"Canada","1997","1568.52633809529"
"Canada","1996","1165.50735923192"
"Canada","1995","693.369077173043"
"Canada","1992","829.836"
"Canada","1991","1056.72"
"Canada","1990","970.584"
"Croatia","2014","582.7729385"
"Croatia","2013","577.71128114"
"Croatia","2012","564.960584"
"Croatia","2011","563.133823"
"Croatia","2010","543.951452"
"Croatia","2009","495.6468735"
"Croatia","2008","490.3328081"
"Croatia","2007","469.5146916"
"Croatia","2006","422.6992587"
"Croatia","2005","386.117676"
"Croatia","2004","347.888372"
"Croatia","2003","304.770123"
"Croatia","2002","261.9265545"
"Croatia","2001","224.96256"
"Croatia","2000","199.209344"
"Croatia","1999","166.6979895"
"Croatia","1998","139.060601"
"Croatia","1997","106.138843"
"Croatia","1996","80.066539"
"Croatia","1995","57.279335"
"Cyprus","2014","320.54079856597"
"Cyprus","2013","324.70366592627"
"Cyprus","2012","315.74235594302"
"Cyprus","2011","274.70430521584"
"Cyprus","2010","246.34422076147"
"Cyprus","2009","221.84035616137"
"Cyprus","2008","195.30984187324"
"Cyprus","2007","169.81829635925"
"Cyprus","2006","144.71433449875"
"Cyprus","2005","92.60439280661"
"Cyprus","2004","67.17961355949"
"Cyprus","2003","52.54081794487"
"Cyprus","2002","41.18802976448"
"Cyprus","2001","30.84772331695"
"Cyprus","2000","20.37717528271"
"Cyprus","1999","14.14401605844"
"Cyprus","1998","9.37855739723"
"Cyprus","1997","6.08703553517"
"Cyprus","1996","3.60691995597"
"Cyprus","1995","2.69892459923"
"Cyprus","1994","0.70303857236"
"Cyprus","1993","0.21710900486"
"Cyprus","1992","0.164247"
"Cyprus","1991","0.1555962"
"Cyprus","1990","0.1456139"
"Czech Republic","2014","2830.38224927792"
"Czech Republic","2013","2621.1821896344"
"Czech Republic","2012","2395.38699622093"
"Czech Republic","2011","2219.11092869221"
"Czech Republic","2010","1947.7064247891"
"Czech Republic","2009","1639.13372596876"
"Czech Republic","2008","1511.87089184687"
"Czech Republic","2007","1282.33513077746"
"Czech Republic","2006","937.230360912863"
"Czech Republic","2005","700.765201744863"
"Czech Republic","2004","602.46643926535"
"Czech Republic","2003","508.64054085078"
"Czech Republic","2002","400.578900547418"
"Czech Republic","2001","308.585319133388"
"Czech Republic","2000","203.987622542034"
"Czech Republic","1999","147.59900958417"
"Czech Republic","1998","134.151750705874"
"Czech Republic","1997","99.0166392294564"
"Czech Republic","1996","34.6754833845438"
"Czech Republic","1995","0.2285787288928"
"Denmark","2014","735.435645873786"
"Denmark","2013","810.64139475336"
"Denmark","2012","826.137278801188"
"Denmark","2011","908.385404005149"
"Denmark","2010","971.909492859225"
"Denmark","2009","964.773724709446"
"Denmark","2008","1014.58138911006"
"Denmark","2007","1010.20386173366"
"Denmark","2006","977.625547473618"
"Denmark","2005","951.905408550881"
"Denmark","2004","894.754884624938"
"Denmark","2003","829.370378747835"
"Denmark","2002","794.62392044561"
"Denmark","2001","747.113470149512"
"Denmark","2000","710.672209729079"
"Denmark","1999","587.206412021858"
"Denmark","1998","477.676722009867"
"Denmark","1997","377.532879697761"
"Denmark","1996","379.983752241704"
"Denmark","1995","241.484474914362"
"Denmark","1994","146.3576507112"
"Denmark","1993","102.28704"
"Denmark","1992","3.6896"
"Estonia","2014","216.522041055605"
"Estonia","2013","206.458396470789"
"Estonia","2012","193.034322112355"
"Estonia","2011","183.0029356155"
"Estonia","2010","175.432505308829"
"Estonia","2009","157.529599176477"
"Estonia","2008","150.394817419873"
"Estonia","2007","170.367740074701"
"Estonia","2006","154.56619902732"
"Estonia","2005","134.958268474771"
"Estonia","2004","119.327334223453"
"Estonia","2003","104.867951566727"
"Estonia","2002","98.8306106453945"
"Estonia","2001","97.1867162081839"
"Estonia","2000","79.1473138284342"
"Estonia","1999","63.394363404444"
"Estonia","1998","52.2518396218539"
"Estonia","1997","41.3138200581129"
"Estonia","1996","34.5582801517728"
"Estonia","1995","28.454399857753"
"Estonia","1994","22.9149299854698"
"Estonia","1993","20.0196946835335"
"Estonia","1992","17.51317997"
"European Union","2014","112215.153839033"
"European Union","2013","110393.496492912"
"European Union","2012","108206.156499101"
"European Union","2011","105153.343407964"
"European Union","2010","102676.186561369"
"European Union","2009","94070.2182839017"
"European Union","2008","89587.3361470989"
"European Union","2007","82129.6823032502"
"European Union","2006","76046.7639333348"
"European Union","2005","71802.2559052239"
"European Union","2004","65950.5100513257"
"European Union","2003","62319.2019152934"
"European Union","2002","55756.5875135975"
"European Union","2001","52032.5931241372"
"European Union","2000","52788.8348278767"
"European Union","1999","51748.8413396434"
"European Union","1998","60079.9047510436"
"European Union","1997","58699.6992086244"
"European Union","1996","50862.6833235873"
"European Union","1995","43748.9787423997"
"European Union","1994","39125.6461609917"
"European Union","1993","34486.6171594266"
"European Union","1992","31563.920261268"
"European Union","1991","29148.253055315"
"European Union","1990","29125.6362996247"
"Finland","2014","1743.27898771721"
"Finland","2013","1612.49060382639"
"Finland","2012","1517.24760807946"
"Finland","2011","1587.89581113814"
"Finland","2010","1820.34465424587"
"Finland","2009","1425.5620974961"
"Finland","2008","1338.78916272852"
"Finland","2007","1149.94356980483"
"Finland","2006","910.552255172875"
"Finland","2005","895.422477788064"
"Finland","2004","688.64946146022"
"Finland","2003","635.744609730428"
"Finland","2002","634.024975980659"
"Finland","2001","592.117170735794"
"Finland","2000","559.31846514369"
"Finland","1999","330.627569534521"
"Finland","1998","247.076487502632"
"Finland","1997","149.487601978443"
"Finland","1996","74.188748278584"
"Finland","1995","26.902252736684"
"Finland","1994","5.344578130212"
"Finland","1993","0.190541969656"
"Finland","1992","0.040504529712"
"Finland","1991","0.03195116838"
"Finland","1990","0.024024986"
"France","2014","19398.6825232964"
"France","2013","19170.7393294348"
"France","2012","18987.8598020581"
"France","2011","18579.7938070522"
"France","2010","17363.7998099207"
"France","2009","16311.6095618588"
"France","2008","15788.1897623719"
"France","2007","14595.1311637394"
"France","2006","13686.2685489363"
"France","2005","12676.0322607735"
"France","2004","11754.871051028"
"France","2003","10764.9939481514"
"France","2002","9397.31179913431"
"France","2001","8086.23433215259"
"France","2000","6642.94644348415"
"France","1999","5383.41498649957"
"France","1998","4349.23248051648"
"France","1997","4111.5886690816"
"France","1996","3259.83623741766"
"France","1995","1912.11375031142"
"France","1994","1952.570637061"
"France","1993","2936.3826814197"
"France","1992","4417.80752937641"
"France","1991","5124.37681761492"
"France","1990","4402.19994328629"
"Germany","2014","10750.3677775755"
"Germany","2013","10569.4340298083"
"Germany","2012","10547.6349187641"
"Germany","2011","10353.2583473543"
"Germany","2010","9914.6869693544"
"Germany","2009","9613.58054963515"
"Germany","2008","9368.02796676995"
"Germany","2007","9422.41749132518"
"Germany","2006","9135.85826323885"
"Germany","2005","8752.62764727365"
"Germany","2004","8546.57869520082"
"Germany","2003","8102.16179231695"
"Germany","2002","7943.21475839427"
"Germany","2001","7346.29314585491"
"Germany","2000","5972.05163961269"
"Germany","1999","5161.16483144972"
"Germany","1998","4837.33235475625"
"Germany","1997","4134.19908899373"
"Germany","1996","3392.97797253605"
"Germany","1995","2606.0735993744"
"Germany","1994","2683.0981788552"
"Germany","1993","2492.8558365488"
"Germany","1992","287.5644590521"
"Germany","1991","45.9220062644"
"Germany","1990","50.32"
"Greece","2014","5758.12863877603"
"Greece","2013","5650.21859764964"
"Greece","2012","5061.77691494848"
"Greece","2011","4661.65509784493"
"Greece","2010","4388.66802144415"
"Greece","2009","3964.12465526031"
"Greece","2008","3710.3482172854"
"Greece","2007","3245.14066079019"
"Greece","2006","2722.45340589096"
"Greece","2005","5077.45227954165"
"Greece","2004","4927.91153024745"
"Greece","2003","4733.35562321277"
"Greece","2002","5090.06558842149"
"Greece","2001","4781.3884482475"
"Greece","2000","5261.83186356152"
"Greece","1999","6721.1460300199"
"Greece","1998","5767.51429514513"
"Greece","1997","5166.48802785957"
"Greece","1996","4820.16537150106"
"Greece","1995","4157.37596992872"
"Greece","1994","2712.11246316"
"Greece","1993","2032.43915305"
"Greece","1992","1149.072"
"Greece","1991","1400.08"
"Greece","1990","1182.816"
"Hungary","2014","1428.15989742829"
"Hungary","2013","1280.34083026629"
"Hungary","2012","1184.63413628766"
"Hungary","2011","1345.29450693186"
"Hungary","2010","1223.00892466918"
"Hungary","2009","1118.16207549988"
"Hungary","2008","1163.87453384613"
"Hungary","2007","1033.27019656279"
"Hungary","2006","948.667606663176"
"Hungary","2005","804.015080509621"
"Hungary","2004","704.416274222243"
"Hungary","2003","579.923813000475"
"Hungary","2002","447.150731657364"
"Hungary","2001","355.943922795488"
"Hungary","2000","273.441768424328"
"Hungary","1999","373.004875213474"
"Hungary","1998","202.777663046885"
"Hungary","1997","120.842801619565"
"Hungary","1996","54.5058633679513"
"Hungary","1995","41.6483824274889"
"Hungary","1994","18.5782736540737"
"Hungary","1993","3.71454036870409"
"Hungary","1992","3.71454036870409"
"Iceland","2014","162.92430942505"
"Iceland","2013","169.59699994519"
"Iceland","2012","173.364013138927"
"Iceland","2011","146.135568475016"
"Iceland","2010","148.74450609698"
"Iceland","2009","114.162503634959"
"Iceland","2008","85.0063343289147"
"Iceland","2007","74.0507553989458"
"Iceland","2006","70.2712220540477"
"Iceland","2005","69.9839180702913"
"Iceland","2004","60.2484921101631"
"Iceland","2003","56.7371434698678"
"Iceland","2002","46.0761384422012"
"Iceland","2001","48.6416260272348"
"Iceland","2000","43.2426842242686"
"Iceland","1999","48.8270751799535"
"Iceland","1998","43.211936923695"
"Iceland","1997","28.7593384968544"
"Iceland","1996","18.5930123882754"
"Iceland","1995","10.225737920955"
"Iceland","1994","2.33844807470778"
"Iceland","1993","1.464132459075"
"Ireland","2014","1155.41752706007"
"Ireland","2013","1070.05099048529"
"Ireland","2012","948.642331332965"
"Ireland","2011","955.223938791502"
"Ireland","2010","932.076700397207"
"Ireland","2009","915.143219255534"
"Ireland","2008","845.809066102674"
"Ireland","2007","906.281947800536"
"Ireland","2006","899.157653372687"
"Ireland","2005","678.876666024681"
"Ireland","2004","682.541885960001"
"Ireland","2003","685.723996004295"
"Ireland","2002","607.010126712402"
"Ireland","2001","590.20198186391"
"Ireland","2000","456.662283846277"
"Ireland","1999","376.407400249996"
"Ireland","1998","374.287879044696"
"Ireland","1997","283.85915921323"
"Ireland","1996","171.065114228286"
"Ireland","1995","103.190244294911"
"Ireland","1994","10.9563290116968"
"Ireland","1993","3.59107427373691"
"Ireland","1992","1.65460506186319"
"Ireland","1991","1.40711876279489"
"Ireland","1990","1.23409233310224"
"Italy","2014","11977.713702619"
"Italy","2013","11501.961494293"
"Italy","2012","10844.3500062769"
"Italy","2011","10326.3785904328"
"Italy","2010","9725.27307577869"
"Italy","2009","9094.78938328605"
"Italy","2008","8379.19866672924"
"Italy","2007","7649.88186830627"
"Italy","2006","6810.98076763433"
"Italy","2005","5998.31858684497"
"Italy","2004","5122.70631063918"
"Italy","2003","4281.46004202424"
"Italy","2002","3466.47580508128"
"Italy","2001","2735.60788065263"
"Italy","2000","2098.1573692364"
"Italy","1999","1956.02768660526"
"Italy","1998","1476.80007576382"
"Italy","1997","957.973264864718"
"Italy","1996","551.050451038267"
"Italy","1995","813.440876179556"
"Italy","1994","588.826127804444"
"Italy","1993","449.278843733333"
"Italy","1992","453.398078222222"
"Italy","1991","449.297351111111"
"Italy","1990","444"
"Japan","2014","35784.9434523257"
"Japan","2013","32087.655774418"
"Japan","2012","29348.3866186668"
"Japan","2011","26071.1982844377"
"Japan","2010","23304.9690842262"
"Japan","2009","20937.1092927225"
"Japan","2008","19284.8217975952"
"Japan","2007","16707.0682779207"
"Japan","2006","14626.9571482769"
"Japan","2005","12781.7375075383"
"Japan","2004","12420.8107871239"
"Japan","2003","16228.3222314537"
"Japan","2002","16236.2858345722"
"Japan","2001","19462.3383671019"
"Japan","2000","22851.8636870797"
"Japan","1999","24368.0585435245"
"Japan","1998","23741.8794201834"
"Japan","1997","24436.5264513971"
"Japan","1996","24597.8641568492"
"Japan","1995","25213.125254391"
"Japan","1994","21051.8952130351"
"Japan","1993","18129.15828489"
"Japan","1992","17767.2240356469"
"Japan","1991","17349.6129448632"
"Japan","1990","15932.3098610065"
"Latvia","2014","212.063871159636"
"Latvia","2013","204.353363501071"
"Latvia","2012","190.207896850381"
"Latvia","2011","184.972517309541"
"Latvia","2010","164.417652418235"
"Latvia","2009","152.138590910531"
"Latvia","2008","142.01922610802"
"Latvia","2007","123.586952647033"
"Latvia","2006","98.086850525309"
"Latvia","2005","63.4773640814357"
"Latvia","2004","47.5387135790823"
"Latvia","2003","31.18425198861"
"Latvia","2002","27.2030886758681"
"Latvia","2001","23.9245928177286"
"Latvia","2000","20.4570997020826"
"Latvia","1999","17.0669956323628"
"Latvia","1998","15.330161580305"
"Latvia","1997","12.7283681866556"
"Latvia","1996","12.586220143499"
"Latvia","1995","11.5016279991938"
"Liechtenstein","2014","12.1466596062458"
"Liechtenstein","2013","11.9508379224311"
"Liechtenstein","2012","11.4988439840028"
"Liechtenstein","2011","10.770146159739"
"Liechtenstein","2010","10.2500525697453"
"Liechtenstein","2009","9.3410475106414"
"Liechtenstein","2008","9.1907279775217"
"Liechtenstein","2007","8.49400444140542"
"Liechtenstein","2006","7.8145503445168"
"Liechtenstein","2005","7.36154383025912"
"Liechtenstein","2004","6.96206085889234"
"Liechtenstein","2003","6.12854893092129"
"Liechtenstein","2002","5.47120399789924"
"Liechtenstein","2001","4.9356520871727"
"Liechtenstein","2000","4.10347221113633"
"Liechtenstein","1999","3.34323851753229"
"Liechtenstein","1998","2.7348908256102"
"Liechtenstein","1997","2.11391962125804"
"Liechtenstein","1996","1.71782472614808"
"Liechtenstein","1995","1.35253391305614"
"Liechtenstein","1994","0.51373349741604"
"Liechtenstein","1993","0.20081994161834"
"Liechtenstein","1992","0.08826257370904"
"Liechtenstein","1991","0.00988335271844"
"Liechtenstein","1990","0.00010441014408"
"Lithuania","2014","449.479787954753"
"Lithuania","2013","405.146292558062"
"Lithuania","2012","351.030836731706"
"Lithuania","2011","306.537871326092"
"Lithuania","2010","259.515570373161"
"Lithuania","2009","216.114372129379"
"Lithuania","2008","194.551173811246"
"Lithuania","2007","155.887743489015"
"Lithuania","2006","120.017532109789"
"Lithuania","2005","90.3089038682215"
"Lithuania","2004","69.0968007721433"
"Lithuania","2003","47.879988507998"
"Lithuania","2002","36.4085334219604"
"Lithuania","2001","28.5939993452548"
"Lithuania","2000","22.0831987915634"
"Lithuania","1999","17.5034231599214"
"Lithuania","1998","13.901545928548"
"Lithuania","1997","10.2196476847356"
"Lithuania","1996","7.68397471124582"
"Lithuania","1995","6.21273748928879"
"Lithuania","1994","0.0927602556"
"Lithuania","1993","0.0278729208"
"Luxembourg","2014","66.0766879932841"
"Luxembourg","2013","61.1682222954284"
"Luxembourg","2012","57.5311209234314"
"Luxembourg","2011","55.1934051673942"
"Luxembourg","2010","52.3280715195735"
"Luxembourg","2009","49.6739784175824"
"Luxembourg","2008","48.8091049327359"
"Luxembourg","2007","46.4557997620297"
"Luxembourg","2006","41.8772018488634"
"Luxembourg","2005","38.9949016952827"
"Luxembourg","2004","39.9933233156594"
"Luxembourg","2003","37.9345721026588"
"Luxembourg","2002","35.6494433937906"
"Luxembourg","2001","32.8475785249045"
"Luxembourg","2000","28.9816074404627"
"Luxembourg","1999","26.2454104674468"
"Luxembourg","1998","24.4518969244807"
"Luxembourg","1997","22.0471605789675"
"Luxembourg","1996","19.6322953370298"
"Luxembourg","1995","17.9033491991708"
"Luxembourg","1994","15.9789225126344"
"Luxembourg","1993","14.6976863369836"
"Luxembourg","1992","13.6806908058016"
"Luxembourg","1991","0.0011678141475"
"Luxembourg","1990","7.15E-05"
"Malta","2014","233.784277903461"
"Malta","2013","218.330530876193"
"Malta","2012","200.930113967747"
"Malta","2011","167.744424973654"
"Malta","2010","144.495203602493"
"Malta","2009","132.768178643846"
"Malta","2008","111.708521589918"
"Malta","2007","95.5830936860767"
"Malta","2006","78.4943190080826"
"Malta","2005","41.115544771912"
"Malta","2004","27.5364022756943"
"Malta","2003","17.3511596216619"
"Malta","2002","14.6629379621564"
"Malta","2001","9.69281308007176"
"Malta","2000","3.71971962315223"
"Malta","1999","0.01127198139642"
"Malta","1998","0.00751933941466"
"Malta","1997","0.00470204555132"
"Malta","1996","0.0028229142942"
"Malta","1995","0.0018847686"
"Malta","1994","0.0009438"
"Monaco","2013","9.53623912835153"
"Monaco","2012","8.27926999480661"
"Monaco","2011","8.98846362308126"
"Monaco","2010","8.03400705441001"
"Monaco","2009","7.83964964108608"
"Monaco","2008","7.83126471304914"
"Monaco","2007","7.86987740677532"
"Monaco","2006","5.84082202810524"
"Monaco","2005","6.65426834400056"
"Monaco","2004","6.17801344242055"
"Monaco","2003","5.29890156502848"
"Monaco","2002","4.68300665932196"
"Monaco","2001","3.60079760784367"
"Monaco","2000","5.6672333238057"
"Monaco","1999","2.60824248114275"
"Monaco","1998","2.31116124808006"
"Monaco","1997","1.51033094886808"
"Monaco","1996","1.50217817984922"
"Monaco","1995","0.698369009856"
"Monaco","1994","0.50919363448216"
"Monaco","1993","0.44948334885335"
"Monaco","1992","0.44358992963016"
"Monaco","1991","0.38651932503437"
"Monaco","1990","0.37654009653127"
"Netherlands","2014","2241.15761748707"
"Netherlands","2013","2234.12779857061"
"Netherlands","2012","2191.50336427778"
"Netherlands","2011","2244.1679770456"
"Netherlands","2010","2484.84342221622"
"Netherlands","2009","2174.82758924066"
"Netherlands","2008","2082.44209539599"
"Netherlands","2007","1989.59643517676"
"Netherlands","2006","1862.2158477285"
"Netherlands","2005","1618.73039716429"
"Netherlands","2004","1801.64550570505"
"Netherlands","2003","1684.23967704698"
"Netherlands","2002","1926.79578322871"
"Netherlands","2001","1811.46647340432"
"Netherlands","2000","4713.27017045786"
"Netherlands","1999","5973.60002793951"
"Netherlands","1998","11549.2094779801"
"Netherlands","1997","10188.4732960192"
"Netherlands","1996","9590.24346792922"
"Netherlands","1995","7570.52654128528"
"Netherlands","1994","8159.28363722576"
"Netherlands","1993","6311.61511"
"Netherlands","1992","5621.292034"
"Netherlands","1991","4366.074"
"Netherlands","1990","5606.3288"
"New Zealand","2014","1517.22797429"
"New Zealand","2013","1518.4487585885"
"New Zealand","2012","1474.5943229125"
"New Zealand","2011","1479.425952727"
"New Zealand","2010","1162.5744643025"
"New Zealand","2009","1095.7966787515"
"New Zealand","2008","1045.8525963345"
"New Zealand","2007","967.3103103525"
"New Zealand","2006","838.0692772765"
"New Zealand","2005","745.6386440485"
"New Zealand","2004","680.694666532"
"New Zealand","2003","651.086102465"
"New Zealand","2002","485.419802786"
"New Zealand","2001","307.6002101545"
"New Zealand","2000","252.8987617955"
"New Zealand","1999","255.9831976"
"New Zealand","1998","156.0099056915"
"New Zealand","1997","132.5064696275"
"New Zealand","1996","128.1052632625"
"New Zealand","1995","57.8470484425"
"New Zealand","1994","18.549829601"
"New Zealand","1993","0.1716"
"New Zealand","1992","0.0429"
"Norway","2014","1187.55106145532"
"Norway","2013","1155.09514199614"
"Norway","2012","1140.96999200486"
"Norway","2011","1105.88675600444"
"Norway","2010","1064.59973300029"
"Norway","2009","856.146427697702"
"Norway","2008","806.139552937448"
"Norway","2007","715.382599501865"
"Norway","2006","678.091578728714"
"Norway","2005","614.391364491026"
"Norway","2004","597.303653769519"
"Norway","2003","557.829130911512"
"Norway","2002","578.470730617256"
"Norway","2001","473.591877740901"
"Norway","2000","383.589151587488"
"Norway","1999","316.365282795911"
"Norway","1998","244.454161738242"
"Norway","1997","191.936111480466"
"Norway","1996","130.009389969392"
"Norway","1995","92.300677732906"
"Norway","1994","49.8838279999625"
"Norway","1993","31.6409788000104"
"Norway","1992","19.9496100199995"
"Norway","1991","9.9097081969995"
"Norway","1990","0.043896921"
"Poland","2014","8586.93099752278"
"Poland","2013","8091.91898035242"
"Poland","2012","7720.45274043106"
"Poland","2011","7449.6134070928"
"Poland","2010","6782.77456101354"
"Poland","2009","6098.20121815902"
"Poland","2008","6088.80616974721"
"Poland","2007","5742.2954422553"
"Poland","2006","5140.54958973487"
"Poland","2005","4471.061431338"
"Poland","2004","3647.55422581431"
"Poland","2003","2992.32614167878"
"Poland","2002","2420.25701950106"
"Poland","2001","1839.66585225867"
"Poland","2000","1280.82610048875"
"Poland","1999","673.37715769634"
"Poland","1998","462.22828650224"
"Poland","1997","373.92872266228"
"Poland","1996","228.40582204828"
"Poland","1995","97.3435569192"
"Portugal","2014","2439.3050815754"
"Portugal","2013","2309.50077353087"
"Portugal","2012","2165.80494246783"
"Portugal","2011","2050.62498136657"
"Portugal","2010","1909.74038472559"
"Portugal","2009","1763.33936842818"
"Portugal","2008","1569.10606682585"
"Portugal","2007","1320.69100943632"
"Portugal","2006","1087.60225078355"
"Portugal","2005","906.369105166232"
"Portugal","2004","731.408096327626"
"Portugal","2003","616.705342823917"
"Portugal","2002","481.229440947543"
"Portugal","2001","365.109145879174"
"Portugal","2000","281.224273441173"
"Portugal","1999","211.771252635068"
"Portugal","1998","146.234134776963"
"Portugal","1997","100.88452104776"
"Portugal","1996","59.0512622629464"
"Portugal","1995","35.4200480990794"
"Romania","2014","1373.27619594984"
"Romania","2013","1298.59486038888"
"Romania","2012","1197.4339631475"
"Romania","2011","1092.23793704097"
"Romania","2010","982.4648959366"
"Romania","2009","924.424495839208"
"Romania","2008","946.94509060053"
"Romania","2007","665.629414843048"
"Romania","2006","484.198745910485"
"Romania","2005","368.908308524474"
"Romania","2004","293.933728396381"
"Romania","2003","228.748298822658"
"Romania","2002","168.16060570066"
"Romania","2001","112.874177660051"
"Romania","2000","70.8150467786572"
"Romania","1999","39.7271833843805"
"Romania","1998","23.8780605563935"
"Romania","1997","10.3601905678188"
"Romania","1996","4.72378228524326"
"Romania","1995","2.52603566422256"
"Romania","1994","1.19943428777119"
"Romania","1993","0.72557471173243"
"Romania","1992","0.44593471938154"
"Romania","1991","0.28668813826203"
"Romania","1990","0.18119293223939"
"Russian Federation","2014","24149.0718155874"
"Russian Federation","2013","21503.2502962644"
"Russian Federation","2012","17648.850297369"
"Russian Federation","2011","11309.9038212035"
"Russian Federation","2010","13421.6122390294"
"Russian Federation","2009","12514.1099677913"
"Russian Federation","2008","17934.2776173175"
"Russian Federation","2007","16857.9950497273"
"Russian Federation","2006","18026.7121398838"
"Russian Federation","2005","19813.7903082148"
"Russian Federation","2004","18416.2198323824"
"Russian Federation","2003","14612.7516815278"
"Russian Federation","2002","19302.0722630626"
"Russian Federation","2001","25208.8051647327"
"Russian Federation","2000","26569.6768412658"
"Russian Federation","1999","22672.1806452837"
"Russian Federation","1998","21834.2957949383"
"Russian Federation","1997","18009.6068129631"
"Russian Federation","1996","13611.0757080152"
"Russian Federation","1995","15447.3214609136"
"Russian Federation","1994","15469.6355295884"
"Russian Federation","1993","18278.4100904389"
"Russian Federation","1992","28192.1402495568"
"Russian Federation","1991","34229.660541312"
"Russian Federation","1990","35937.158805248"
"Slovakia","2014","546.015523821864"
"Slovakia","2013","535.192332482989"
"Slovakia","2012","530.053001611878"
"Slovakia","2011","521.856075102875"
"Slovakia","2010","529.678546651399"
"Slovakia","2009","441.626979457085"
"Slovakia","2008","386.228973506857"
"Slovakia","2007","325.441077409888"
"Slovakia","2006","282.673378463673"
"Slovakia","2005","240.673762562375"
"Slovakia","2004","208.943018275412"
"Slovakia","2003","175.018468474779"
"Slovakia","2002","146.229947524467"
"Slovakia","2001","112.83353516956"
"Slovakia","2000","84.7255503779299"
"Slovakia","1999","61.6349706420788"
"Slovakia","1998","42.6214850222873"
"Slovakia","1997","32.3852854459489"
"Slovakia","1996","22.2312301835423"
"Slovakia","1995","10.4907173871421"
"Slovakia","1994","0.1958936"
"Slovenia","2014","323.824130879435"
"Slovenia","2013","301.922716833091"
"Slovenia","2012","291.47582668555"
"Slovenia","2011","278.727158538627"
"Slovenia","2010","263.905156533705"
"Slovenia","2009","248.394541385089"
"Slovenia","2008","230.515321849832"
"Slovenia","2007","210.767517433336"
"Slovenia","2006","184.281880456854"
"Slovenia","2005","156.150707888707"
"Slovenia","2004","130.198036732986"
"Slovenia","2003","107.952752245349"
"Slovenia","2002","78.6132406344576"
"Slovenia","2001","62.458994001131"
"Slovenia","2000","50.0405861747345"
"Slovenia","1999","36.7407335198879"
"Slovenia","1998","37.6937452686313"
"Slovenia","1997","41.3347783600447"
"Slovenia","1996","34.7990647452631"
"Slovenia","1995","35.8281168326316"
"Spain","2014","17053.3196602591"
"Spain","2013","17904.0621083611"
"Spain","2012","18793.6076126377"
"Spain","2011","18523.6062903239"
"Spain","2010","18197.0857090215"
"Spain","2009","15493.0674815234"
"Spain","2008","14335.5215426503"
"Spain","2007","11660.9212635085"
"Spain","2006","10936.9649530722"
"Spain","2005","9753.3731585204"
"Spain","2004","8863.41299250087"
"Spain","2003","8535.70103446375"
"Spain","2002","6739.28074152722"
"Spain","2001","8120.97904792068"
"Spain","2000","11430.3474858576"
"Spain","1999","9815.80739130073"
"Spain","1998","7771.81759284233"
"Spain","1997","7722.72448127769"
"Spain","1996","6546.41034880918"
"Spain","1995","5872.42404894803"
"Spain","1994","4373.88138999678"
"Spain","1993","2856.56421999034"
"Spain","1992","3494.576"
"Spain","1991","2756.352"
"Spain","1990","3039.92"
"Sweden","2014","807.113898493137"
"Sweden","2013","838.547681080345"
"Sweden","2012","869.965934367231"
"Sweden","2011","915.232503582705"
"Sweden","2010","950.239338230852"
"Sweden","2009","973.198782552507"
"Sweden","2008","968.039868684522"
"Sweden","2007","937.9870337146"
"Sweden","2006","913.246501243013"
"Sweden","2005","880.317198986918"
"Sweden","2004","856.754570964442"
"Sweden","2003","790.723755490292"
"Sweden","2002","743.108494019899"
"Sweden","2001","683.185018705769"
"Sweden","2000","631.374280769553"
"Sweden","1999","549.653418284821"
"Sweden","1998","435.271919839893"
"Sweden","1997","352.790414113182"
"Sweden","1996","235.266861590305"
"Sweden","1995","149.181976491656"
"Sweden","1994","87.0193356139135"
"Sweden","1993","38.4274224467359"
"Sweden","1992","11.8227795253305"
"Sweden","1991","9.35877837132"
"Sweden","1990","4.6023464916"
"Switzerland","2014","1500.97985242557"
"Switzerland","2013","1513.18889558984"
"Switzerland","2012","1489.04642491243"
"Switzerland","2011","1410.14949583308"
"Switzerland","2010","1329.36454880262"
"Switzerland","2009","1253.06674594747"
"Switzerland","2008","1243.0983664725"
"Switzerland","2007","1193.90984726763"
"Switzerland","2006","1118.29814628692"
"Switzerland","2005","1071.18513142457"
"Switzerland","2004","1020.50522043506"
"Switzerland","2003","898.483975115933"
"Switzerland","2002","803.180213703831"
"Switzerland","2001","723.992209096241"
"Switzerland","2000","625.941563760599"
"Switzerland","1999","530.462942961334"
"Switzerland","1998","456.533446170009"
"Switzerland","1997","361.68618285523"
"Switzerland","1996","297.545861927923"
"Switzerland","1995","245.89620249856"
"Switzerland","1994","81.6779946253792"
"Switzerland","1993","32.7910730891619"
"Switzerland","1992","15.6793393410913"
"Switzerland","1991","1.58946418440717"
"Switzerland","1990","0.02478119072"
"Turkey","2014","4916.55266956241"
"Turkey","2013","4470.25190734234"
"Turkey","2012","4256.85958676063"
"Turkey","2011","3432.68576844341"
"Turkey","2010","3054.34467146971"
"Turkey","2009","2111.28034281378"
"Turkey","2008","1896.13812499598"
"Turkey","2007","1713.19300956487"
"Turkey","2006","1424.18969214271"
"Turkey","2005","1146.88282866124"
"Turkey","2004","909.371796254491"
"Turkey","2003","628.798307196726"
"Turkey","2002","417.186727909241"
"Turkey","2001","232.003643733401"
"Turkey","2000","115.656211508405"
"Ukraine","2014","834.757472627407"
"Ukraine","2013","868.551471703737"
"Ukraine","2012","828.407569156847"
"Ukraine","2011","810.650493916803"
"Ukraine","2010","738.977291419172"
"Ukraine","2009","659.805110303369"
"Ukraine","2008","641.582141718256"
"Ukraine","2007","558.442175087503"
"Ukraine","2006","398.821407106301"
"Ukraine","2005","282.580606035746"
"Ukraine","2004","185.497656673785"
"Ukraine","2003","104.321261919908"
"Ukraine","2002","63.8016367628425"
"Ukraine","2001","28.669143566925"
"Ukraine","2000","20.0059435"
"Ukraine","1999","13.28774"
"Ukraine","1998","12.507495"
"Ukraine","1997","6.430905"
"United Kingdom","2014","16422.5567069798"
"United Kingdom","2013","16177.982913319"
"United Kingdom","2012","15794.7608253384"
"United Kingdom","2011","15235.3118308039"
"United Kingdom","2010","16716.0656141965"
"United Kingdom","2009","15796.4404951005"
"United Kingdom","2008","15066.7389204815"
"United Kingdom","2007","14562.7698246628"
"United Kingdom","2006","14103.9206011373"
"United Kingdom","2005","13180.6957078778"
"United Kingdom","2004","11944.9057227757"
"United Kingdom","2003","12830.7418524564"
"United Kingdom","2002","11388.3500602044"
"United Kingdom","2001","10891.3593508142"
"United Kingdom","2000","9883.83688026539"
"United Kingdom","1999","11466.7113743359"
"United Kingdom","1998","20075.1479882644"
"United Kingdom","1997","23105.010406412"
"United Kingdom","1996","20249.4389294305"
"United Kingdom","1995","19096.094344372"
"United Kingdom","1994","17593.4312103562"
"United Kingdom","1993","16505.692181327"
"United Kingdom","1992","15597.6333186753"
"United Kingdom","1991","14991.0490264127"
"United Kingdom","1990","14391.4266541955"
"United States of America","2014","157237.344889253"
"United States of America","2013","149922.393769351"
"United States of America","2012","147249.750868431"
"United States of America","2011","146080.595742668"
"United States of America","2010","141633.79781668"
"United States of America","2009","131990.986822223"
"United States of America","2008","133551.130676922"
"United States of America","2007","129425.751384679"
"United States of America","2006","118056.262911877"
"United States of America","2005","114052.747171076"
"United States of America","2004","112065.338532631"
"United States of America","2003","102658.087501434"
"United States of America","2002","110780.087009924"
"United States of America","2001","104598.382885389"
"United States of America","2000","109295.25441327"
"United States of America","1999","104296.898101356"
"United States of America","1998","107654.320599012"
"United States of America","1997","89069.665030836"
"United States of America","1996","79480.0704111592"
"United States of America","1995","71273.9259106657"
"United States of America","1994","53246.6549742824"
"United States of America","1993","47500.2622669721"
"United States of America","1992","47427.6621761866"
"United States of America","1991","41618.4135880141"
"United States of America","1990","46288.8141837174"

